{
  "type": "service_account",
  "project_id": "nexus-gate-fund",
  "private_key_id": "e919d1d677c2da178c8954d6d2f3a2245eb79a04",
  "private_key": "-----BEGIN PRIVATE KEY-----\nMIIEvQIBADANBgkqhkiG9w0BAQEFAASCBKcwggSjAgEAAoIBAQC4O+PdXkvDtr0g\ntZTC6rmAA8vjPUE2erlG2D51WjihjZq/6esZtVGboCPzcHFUCCRL8+pZ7UpFQkDa\nTE+db0ElOZIB5KkAsLCDisMbsLiHQBnsYl9r8pWACWNb9yCp8s18A6YnBmDkgZFq\nq404ZRaiVjry94F/qJdy0i+q2UOC4RYZu7MQNcREB7cOaAgRSV+3c02JwERauhe6\nA7GL6clTdQ64WQUiIMhZKJYsz7os84M7mtgI82bOmBLOV4YqsWrC1sQGla4XPBjA\nkRtbi1nYTlzXm4Q65pjIWnCYf3dH5WNNhqYq5ce0G6HXkYLQwn+m6wJpt3VK3Ejs\neFZbSo5v",
  "client_email": "nexus-gate-fund@nexus-gate-fund.iam.gserviceaccount.com",
  "client_id": "101558248078941736305",
  "auth_uri": "https://accounts.google.com/o/oauth2/auth",
  "token_uri": "https://oauth2.googleapis.com/token",
  "auth_provider_x509_cert_url": "https://www.googleapis.com/oauth2/v1/certs",
  "client_x509_cert_url": "https://www.googleapis.com/robot/v1/metadata/x509/nexus-gate-fund%40nexus-gate-fund.iam.gserviceaccount.com",
  "universe_domain": "googleapis.com"
}
